id,contact
1,Siti Sharma <siti.sharma@example.sg> 98945517
2,Wei Ming Chan <wei.chan@example.sg> +6565113029
3,Daniel Pillai <daniel.pillai@example.sg> +65 9889 8360
4,Kai Chua <kai.chua@example.sg> 66819564
5,Marcus Osman <marcus.osman@example.sg> +6586596197
6,Jun Hao Tan <jun.tan@example.sg> +65 8485 3484
7,Terence Sharma <terence.sharma@example.sg> 98794078
8,Ryan Chan <ryan.chan@example.sg> +6598467049
9,Arjun Pillai <arjun.pillai@example.sg> +65 9568 4506
10,Zhi Wei Chua <zhi.chua@example.sg> 91625461
11,Ben Osman <ben.osman@example.sg> +6581746909
12,Yee Ling Tan <yee.tan@example.sg> +65 8447 5810
13,Chloe Sharma <chloe.sharma@example.sg> 86349721
14,Serene Chan <serene.chan@example.sg> +6589632736
15,Mei Pillai <mei.pillai@example.sg> +65 9458 6827
16,Siti Chua <siti.chua@example.sg> 92284991
17,Wei Ming Osman <wei.osman@example.sg> +6567456738
18,Daniel Tan <daniel.tan@example.sg> +65 9158 6280
19,Kai Sharma <kai.sharma@example.sg> 64016981
20,Marcus Chan <marcus.chan@example.sg> +6562985702
21,Jun Hao Pillai <jun.pillai@example.sg> +65 8522 9916
22,Terence Chua <terence.chua@example.sg> 65110770
23,Ryan Osman <ryan.osman@example.sg> +6594459083
24,Arjun Tan <arjun.tan@example.sg> +65 9533 6571
25,Zhi Wei Sharma <zhi.sharma@example.sg> 96668670
26,Ben Chan <ben.chan@example.sg> +6581418159
27,Yee Ling Pillai <yee.pillai@example.sg> +65 9183 4989
28,Chloe Chua <chloe.chua@example.sg> 62607272
29,Serene Osman <serene.osman@example.sg> +6585136868
30,Mei Tan <mei.tan@example.sg> +65 6519 7002
